ID,seq
HBA211,GGGGCCGAGGGCCCGCAGCCGCCGCCTGCGCTGCACCTCCCGCAACCCGCGGGATGCTCTGCCCTGCGAGGAAGGCGCCATCTCGCCCCTCGACCCAGATCGCTCCCGGCCCGCCGCTCACCTTGAAGTTGACCGGGTCCACCCGAAGCTTGTGCGCGTGCAGGTCGCTCAGCGCGGACAGCGCGTGGGGCATGTCGTCCACGTGCCCCACGGCGAGGGTCAGCGCGTCGGCCACCTTCTTGCCGTGGCCCTTAACCTGGGCAGAGCCGTGGCTCAGGTCGAAGTGGGGGAAGTAGGTCTTGGTGGTGGGGAAGGACAGGAACATCCTGCGGGG
HBA212,GGGGCCGAGGGCCCGCAGCCGCCGCCTGCGCTGCACCTCCCGCAACCCGCGGGATGCTCTGCCCTGCGAGGAAGGCGCCATCTCGCCCCTCGACCCAGATCGCTCCCGGCCCGCCGCTCACCTTGAAGTTGACCGGGTCCACCCGAAGCTTGTGCGCGTGCAGGTCGCTCAGCGCGGACAGCGCGTGGGGCATGTCGTCCACGTGCCCCACGGCGAGGGTCAGCGCGTCGGCCACCTTCTTGCCGTGGTCCTTAACCTGGGCAGAGCCGTGGCTCAGGTCGAAGTGGGGGAAGTAGGTCTTGGTGGTGGGGAAGGACAGGAACATCCTGCGGGG
HBA213,GGGGCCGAGGGCCCGCAGCCGCCGCCTGCGCTGCACCTCCCGCAACCCGCGGGATGCTCTGCCCTGCGAGGAAGGCGCCATCTCGCCCCTCGACCCAGATCGCTCCCGGCCCGCCGCTCACCTTGAAGTTGACCGGGTCCACCCGAAGCTTGTGCGCGTGCAGGTCGCTCAGCGCGGACAGCGCTTGGGGCATGTCGTCCCTGTGCCTCACGGCGAGGATCAGCGCGTCGGCCACCTTCTTGCCGTGGCCCTTAACCTGGGCAGAGCCGTGGCTCAGGTCGAAGTGGGGGAAGTAGGTCTTGGTGGTGGGGAAGGACAGGAACATCCTGCGGGG
HBA214,GGGGCCGAGGGCCCGCAGCCGCCGCCTGCGCTGCACCTCCCGCAACCCGCGGGATGCTCTGCCCTGCGAGGAAGGCGCCATCTCGCCCCTCGACCCCAGATCGCTCCCGGCCCGCCGCTCACCTTGAAGTTGACCGGGTCCACCCGAAGCTTGTGCGCGTGCAGGTCGCTCAGCGCGGACAGCGCTTGGGGCATGTCGTCCACGTGCCCCACGGCGAGGGTCAGCGCGTCGGCCACCTTCTTGCCGTGGCCCTTAACCTGGGCAGAGCCGTGGCTCAGGTCGAAGTGGGGGAAGTAGGTCTTGGTGGTGGGGAAGGACAGGAACATCCTGCGGGG
HBA215,GGGGCCGAGGGCCCGCAGCCGCCGCCTGCGCTGCACCTCCCGCAACCCGCGGGATGCTCTGCCCTGCGAGGAAGGCGCCATCTCGCCCCTCGACCCAGATCGCTCCCGGCCCGCCGCTCACCTTGAAGTTGACCGGGTCCACCCGAAGCTTGTGCGCGTGCAGGTCGCTCAGCGCGGACAGCGCTTGGGGCATGTCGTCCACGTGCCTCACGGCGAGGGTCAGCGCGTCGGCCACCTTCTTGCCGTGGCCCTTAACCTGGGCAGAGCCGTGGCTCAGGTCGAAGTGGGGGAAGTAGGTCTTGGTGGTGGGGAAGGACAGGAACATCCTGCGGGG
HBA216,GGGGCCGAGGGCCCGCAGCCGCCGCCTGCGCTGCACCTCCCGCAACCCGCGGGATGCTCTGCCCTGCGAGGAAGGCGCCATCTCGCCCCTCGACCCAGATCGCTCCCGGCTCGCCGCTCACCTTGAAGTTGACCGGGTCCACCCGAAGCTTGTGCGCGTGCAGGTCGCTCAGCGCGGACAGCGCGTGGGGCATGTCGTCCACGTGCCCCACGGCGAGGGTCAGCGCGTCGGCCACCTTCTTGCCGTGGCCCTTAACCTGGGCAGAGCCGTGGCTCAGGTCGAAGTGGGGGAAGTAGGTCTTGGTGGTGGGGAAGGACAGGAACATCCTGAGGGG
HBA217,GGGGCCGAGGGCCCGCAGCCGCCGCCTGCGCTGCACCTCCCGCAACCCGCGGGATGCTCTGCCCTGCGAGGAAGGCGCCATCTCGCCCCTCGACCCAGATCGCTCCCGGCCCGCCGCTCACCTTGAAGTTGACCGGGTCCACCCGAAGCTTGTGCGCGTGCAGGTCGCTCAGCGCGGACAGCGCGTGGGGCATGTCGTCCACGTGCCCCACGGCGAGGGTCAGCGCGTCGGCCACCTTCTTGCCGTGGCCCTTAACCTGGGCAGAGCCGTGGCTCAGGTCGAAGTGGGGGAAGTAGGTCTTGGTGGTGGGGAAGGACAGGAACATTCTGCGGGG
HBA218,GGGGCCGAGGGCCCGCAGCCGCCGCCTGCGCTGCACCTCCCGTAACCCGCGGGATGCTCTGCCCTGCGAGGAAGGCGCCATCTCGCCCCTCGACCCAGATCGCTCCCGGCCCGCCGCTCACCTTGAAGTTGACCGGGTCCACCCGAAGCTTGTGCGCGTGCAGGTCGCTCAGCGCGGACAGCGCGTGGGGCATGTCGTCCACGTGCCCCACGGCGAGGGTCAGCGCGTCGGCCACCTTCTTGCCGTGGCCCTTAACCTGGGCAGAGCCGTGGCTCAGGTCGAAGTGGGGGAAGTAGGTCTTGGTGGTGGGGAAGGACAGGAACATCCTGCGGGG
HBA219,GGGGCCGAGGGCCCGCAGCCGCCGCCTGCGCTGCACCTCCCGCAACCCGCGGGATGCTCTGCCCTGCGAGGAAGGCGCCATCTCGCCCCTCGACCCAGATCGCTCCCGGCCCGCCGCTCACCTTGAAGTTGACCGGGTCCACCCGAAGCTTGTGCGCGTGCAGGTCGCTCAGCGCGGACAGCGCTTGGGGCATGTCGTCCACGTGCCTCACGGCGAGGGTCAGTGCGTCGGCCACCTTCTTGCCGTGGCCCTTAACCTGGGCAGAGCCGTGGCTCAGGTCGAAGTGGGGGAAGTAGGTCTTGGTGGTGGGGAAGGACAGGAACATCCTGCGGGG
HBA2110,GGGGCCGAGGGCCCGCAGCCGCCGCCTGCGCTGCACCTCCCGCAACCCGCGGGATGCTCTGCCCTGCGAGGAAGGCGCCATCTCGCCCCTCGACCCAGATCGCTCCCGGCCCGCCGCTCACCTTGAAGTTGACCGGGTCCACCCGAAGCTTGTGCGCGTGCAGGTCGCTCAGCGCGGACAGCGCTTGGGGCATGTCGTCCACGTGCCCCACGGCGAGGGTCAGCGCGTCGGCCACCTTCTTGCCATGGCCCTTAACCTGGGCAGAGCCGTGGCTCAGGTCGAAGTGGGGGAAGTAGGTCTTGGTGGTGGGGAAGGACAGGAACATCCTGCGGGG
HBA2111,GGGGCCGAGGGCCCGCAGCCGCCGCCTGCGCTGCACCTCCCGCAACCCGCGGGATGCTCTGCCCTGCGAGGAAGGCGCCATCTCGCCCCTCGACCCCAGATCGCTCCCGGCCCGCCGCTCACCTTGAAGTTGACCGGGTCCACCCGAAGCTTGTGCGCGTGCAGGTCGCTCAGCGCGGACAGCGCTTGGGGCATGTCGTCCACGTGCCCCACGGCGAGGGTCAGCGCGTCGGCCACCTTCTTGCCGTGGCCCTTAACCTGGGCAGAGCCGTGGCTCAGGTCGAAGTGGGGAAAGTAGGTCTTGGTGGTGGGGAAGGACAGGAACATCCTGCGGGG
HBA2112,GGGGCCGAGGGCCCGCAGCCGCCGCCTGCGCTGCACCTCCCGCAACCCGCGGGATGCTCTGCCCTGCGAGGAAGGCGCCATCTCGCCCCTCGACCCAGATCGCTCCCGGCCCGCCGCTCACCTTGAAGTTGACCGGGTCCACCCGAAGCTTGTGCGCGTGCAGGTCGCTCAGCGCGGACAGCGCTTGGGGCATGTCGTCCACGTGCCCCACGGCGAGGGTCAGCGCGTCGGCCACCTTCTTGCCGTGGCCCTTAACCTGGGCAGAGCCGTGGCTCAGGTCGAAGTGGGGAAAGTAGGTCTTGGTGGTGGGGAAGGACAGGAACATCCTGCGGGG
HBA2113,GGGGCCGAGGGCCCGCAGCCGCCGCCTGCGCTGCACCTCCCGCAACCCGCGGGATGCTCTGCCCTGCGAGGAAGGTGCCATCTCGCCCCTCGACCCAGATCGCTCCCGGCCCGCCTCTCACCTTGAAGTTGACCGGGTCCACCCGAAGCTTGTGCGCGTGCAGGTCGCTCAGCGCGGACAGCGCGTGGGGCATGTCGTCCACGTGCCCCACGGCGAGGGTCAGCGCGTCGGCCACCTTCTTGCCGTGGCCCTTAACCTGGGCAGAGCCGTGGCTCAGGTCGAAGTGGGGGAAGTAGGTCTTGGTGGTGGGGAAGGACAGGAACATCCTGCGGGG
HBA2114,GGGGCCGAGGGCCCGCAGCCGCCGCCTGCGCTGCACCTCCCGCAACCCGCGGGATGCTCTGCCCTGCGAGGAAGGCGCCATCTCGCCCCTCGACCCAGATCGCTCCCGGCCCGCCGCTCACCTTGAAGTTGACCGGGTCCACCCGAAGCTTGTGCGCGTGCAGGTCGCTCAGCGCGGACAGCGCGTGGGGCATGTCGTCCACGTGCCCCACGGCGAGGGTCAGCGCGTCGGCCACCTTCTTGCCGTGGCCCTTAACCTGGACAGAGCCGTGGCTCAGGTCGAAGTGGGGGAAGTAGGTCTTGGTGGTGGGGAAGGACAGGAACATCCTGCGGGG
HBA2115,GGGGCCGAGGGCCCGCAGCCGCCGCCTGCGCTGCACCTCCCGCAACCCGCGGGATGCTCTGCCCTGCGAGGAAAGCGCCATCTCGCCCCTCGACCCAGATCGCTCCCGGCCCGCCGCTCACCTTGAAGTTGACCGGGTCCACCCGAAGCTTGTGCGCGTGCAGGTCGCTCAGCGCGGACAGCGCGTGGGGCATGTCGTCCACGTGCCCCACGGCGAGGGTCAGCGCGTCGGCCACCTTCTTGCCGTGGCCCTTAACCTGGGCAGAGCCGTGGCTCAGGTCGAAGTGGGGGAAGTAGGTCTTGGTGGTGGGGAAGGACAGGAACATCCTGCGGGG
HBA2116,GGGGCCGAGGGCCCGCAGCCGCCGCCTGCGCTGCACCTCCCGCAACCCGCGGGATGCTCTGCCCTGCGAGGAAGGCGCCATCTCGCCCCTCGACCCAGATCGCTCCCGGCCCGCCGCTCACCTTGAAGTTGACCGGGTCCACCCGAAGCTTGTGCGCGTGCAGGTCGCTCAGCGCGGACAGCGCGTGGGGCATGTCGTCCACGTGCCCCACGGCGAGGGTCAGCGCGTCGGCCACCTTCTTGCCGTGGTCCTTAACCTGGACAGAGCCGTGGCTCAGGTCGAAGTGGGGGAAGTAGGTCTTGGTGGTGGGGAAGGACAGGAACATCCTGCGGGG
HBA2117,GGGGCCGAGGGCCCGCAGCCGCCGCCTGCGCTGCACCTCCCGCAACCCGCGGGATGCTCTGCCCTGCGAGGAAAGCGCCATCTCGCCCCTCGACCCAGATCGCTCCCGGCCCGCCGCTCACCTTGAAGTTGACCGGGTCCACCCGAAGCTTGTGCGCGTGCAGGTCGCTCAGCGCGGACAGCGCGTGGGGCATGTCGTCCACGTGCCCCACGGCGAGGGTCAGCGCGTCGGCCACCTTCTTGCCGTGGTCCTTAACCTGGGCAGAGCCGTGGCTCAGGTCGAAGTGGGGGAAGTAGGTCTTGGTGGTGGGGAAGGACAGGAACATCCTGCGGGG
HBA2118,GGGGCCGAGGGCCCGCAGCCGCCGCCTGCGCTGCACCTCCCGCAACCCGCGGGATGCTCTGCCCTGCGAGGAAAGCGCCATCTCGCCCCTCGACCCAGATCGCTCCCGGCCCGCCGCTCACCTTGAAGTTGACCGGGTCCACCCGAAGCTTGTGCGCGTGCAGGTCGCTCAGCGCGGACAGCGCTTGGGGCATGTCGTCCCTGTGCCTCACGGCGAGGATCAGCGCGTCGGCCACCTTCTTGCCGTGGCCCTTAACCTGGGCAGAGCCGTGGCTCAGGTCGAAGTGGGGGAAGTAGGTCTTGGTGGTGGGGAAGGACAGGAACATCCTGCGGGG
HBA2119,GGGGCCGAGGGCCCGCAGCCGCCGCCTGCGCTGCACCTCCCGCAACCCGCGGGATGCTCTGCCCTGCGAGGAAGGCGCCATCTCGCCCCTCGACCCAGATCGCTCCCGGCCCGCCGCTCACCTTGAAGTTGACCGGGTCCACCCGAAGCTTGTGCGCGTGCAGGTCGCTCAGCGCGGACAGCGCTTGGGGCATGTCGTCCCTGTGCCTCACGGCGAGGATCAGCGCGTCGGCCACCTTCTTGCCGTGGCCCTTAACCTGGACAGAGCCGTGGCTCAGGTCGAAGTGGGGGAAGTAGGTCTTGGTGGTGGGGAAGGACAGGAACATCCTGCGGGG
HBA2120,GGGGCCGAGGGCCCGCAGCCGCCGCCTGCGCTGCACCTCCCGCAACCCGCGGGATGCTCTGCCCTGCGAGGAAAGCGCCATCTCGCCCCTCGACCCCAGATCGCTCCCGGCCCGCCGCTCACCTTGAAGTTGACCGGGTCCACCCGAAGCTTGTGCGCGTGCAGGTCGCTCAGCGCGGACAGCGCTTGGGGCATGTCGTCCACGTGCCCCACGGCGAGGGTCAGCGCGTCGGCCACCTTCTTGCCGTGGCCCTTAACCTGGGCAGAGCCGTGGCTCAGGTCGAAGTGGGGGAAGTAGGTCTTGGTGGTGGGGAAGGACAGGAACATCCTGCGGGG
HBA2121,GGGGCCGAGGGCCCGCAGCCGCCGCCTGCGCTGCACCTCCCGCAACCCGCGGGATGCTCTGCCCTGCGAGGAAAGCGCCATCTCGCCCCTCGACCCAGATCGCTCCCGGCCCGCCGCTCACCTTGAAGTTGACCGGGTCCACCCGAAGCTTGTGCGCGTGCAGGTCGCTCAGCGCGGACAGCGCTTGGGGCATGTCGTCCACGTGCCTCACGGCGAGGGTCAGCGCGTCGGCCACCTTCTTGCCGTGGCCCTTAACCTGGGCAGAGCCGTGGCTCAGGTCGAAGTGGGGGAAGTAGGTCTTGGTGGTGGGGAAGGACAGGAACATCCTGCGGGG
HBA2122,GGGGCCGAGGGCCCGCAGCCGCCGCCTGCGCTGCACCTCCCGCAACCCGCGGGATGCTCTGCCCTGCGAGGAAGGCGCCATCTCGCCCCTCGACCCAGATCGCTCCCGGCCCGCCGCTCACCTTGAAGTTGACCGGGTCCACCCGAAGCTTGTGCGCGTGCAGGTCGCTCAGCGCGGACAGCGCTTGGGGCATGTCGTCCACGTGCCTCACGGCGAGGGTCAGCGCGTCGGCCACCTTCTTGCCGTGGCCCTTAACCTGGACAGAGCCGTGGCTCAGGTCGAAGTGGGGGAAGTAGGTCTTGGTGGTGGGGAAGGACAGGAACATCCTGCGGGG
HBA2123,GGGGCCGAGGGCCCGCAGCCGCCGCCTGCGCTGCACCTCCCGCAACCCGCGGGATGCTCTGCCCTGCGAGGAAGGCGCCATCTCGCCCCTCGACCCAGATCGCTCCCGGCTCGCCGCTCACCTTGAAGTTGACCGGGTCCACCCGAAGCTTGTGCGCGTGCAGGTCGCTCAGCGCGGACAGCGCGTGGGGCATGTCGTCCACGTGCCCCACGGCGAGGGTCAGCGCGTCGGCCACCTTCTTGCCGTGGCCCTTAACCTGGACAGAGCCGTGGCTCAGGTCGAAGTGGGGGAAGTAGGTCTTGGTGGTGGGGAAGGACAGGAACATCCTGAGGGG
HBA2124,GGGGCCGAGGGCCCGCAGCCGCCGCCTGCGCTGCACCTCCCGCAACCCGCGGGATGCTCTGCCCTGCGAGGAAAGCGCCATCTCGCCCCTCGACCCAGATCGCTCCCGGCTCGCCGCTCACCTTGAAGTTGACCGGGTCCACCCGAAGCTTGTGCGCGTGCAGGTCGCTCAGCGCGGACAGCGCGTGGGGCATGTCGTCCACGTGCCCCACGGCGAGGGTCAGCGCGTCGGCCACCTTCTTGCCGTGGCCCTTAACCTGGGCAGAGCCGTGGCTCAGGTCGAAGTGGGGGAAGTAGGTCTTGGTGGTGGGGAAGGACAGGAACATCCTGAGGGG
HBA2125,GGGGCCGAGGGCCCGCAGCCGCCGCCTGCGCTGCACCTCCCGCAACCCGCGGGATGCTCTGCCCTGCGAGGAAGGCGCCATCTCGCCCCTCGACCCAGATCGCTCCCGGCCCGCCGCTCACCTTGAAGTTGACCGGGTCCACCCGAAGCTTGTGCGCGTGCAGGTCGCTCAGCGCGGACAGCGCGTGGGGCATGTCGTCCACGTGCCCCACGGCGAGGGTCAGCGCGTCGGCCACCTTCTTGCCGTGGCCCTTAACCTGGACAGAGCCGTGGCTCAGGTCGAAGTGGGGGAAGTAGGTCTTGGTGGTGGGGAAGGACAGGAACATTCTGCGGGG
HBA2126,GGGGCCGAGGGCCCGCAGCCGCCGCCTGCGCTGCACCTCCCGCAACCCGCGGGATGCTCTGCCCTGCGAGGAAAGCGCCATCTCGCCCCTCGACCCAGATCGCTCCCGGCCCGCCGCTCACCTTGAAGTTGACCGGGTCCACCCGAAGCTTGTGCGCGTGCAGGTCGCTCAGCGCGGACAGCGCGTGGGGCATGTCGTCCACGTGCCCCACGGCGAGGGTCAGCGCGTCGGCCACCTTCTTGCCGTGGCCCTTAACCTGGGCAGAGCCGTGGCTCAGGTCGAAGTGGGGGAAGTAGGTCTTGGTGGTGGGGAAGGACAGGAACATTCTGCGGGG
HBA2127,GGGGCCGAGGGCCCGCAGCCGCCGCCTGCGCTGCACCTCCCGTAACCCGCGGGATGCTCTGCCCTGCGAGGAAGGCGCCATCTCGCCCCTCGACCCAGATCGCTCCCGGCCCGCCGCTCACCTTGAAGTTGACCGGGTCCACCCGAAGCTTGTGCGCGTGCAGGTCGCTCAGCGCGGACAGCGCGTGGGGCATGTCGTCCACGTGCCCCACGGCGAGGGTCAGCGCGTCGGCCACCTTCTTGCCGTGGCCCTTAACCTGGACAGAGCCGTGGCTCAGGTCGAAGTGGGGGAAGTAGGTCTTGGTGGTGGGGAAGGACAGGAACATCCTGCGGGG
HBA2128,GGGGCCGAGGGCCCGCAGCCGCCGCCTGCGCTGCACCTCCCGCAACCCGCGGGATGCTCTGCCCTGCGAGGAAGGCGCCATCTCGCCCCTCGACCCAGATCGCTCCCGGCTCGCCGCTCACCTTGAAGTTGACCGGGTCCACCCGAAGCTTGTGCGCGTGCAGGTCGCTCAGCGCGGACAGCGCGTGGGGCATGTCGTCCACGTGCCCCACGGCGAGGGTCAGCGCGTCGGCCACCTTCTTGCCGTGGCCCTTAACCTGGGCAGAGCCGTGGCTCAGGTCGAAGTGGGGGAAGTAGGTCTTGGTGGTGGGGAAGGACAGGAACATCCTGCGGGG
HBA2129,GGGGCCGAGGGCCCGCAGCCGCCGCCTGCGCTGCACCTCCCGCAACCCGCGGGATGCTCTGCCCTGCGAGGAAGGCGCCATCTCGCCCCTCGACCCAGATCGCTCCCGGCCCGCCGCTCACCTTGAAGTTGACCGGGTCCACCCGAAGCTTGTGCGCGTGCAGGTCGCTCAGCGCGGACAGCGCTTGGGGCATGTCGTCCACGTGCCTCACGGCGAGGGTCAGTGCGTCGGCCACCTTCTTGCCGTGGCCCTTAACCTGGACAGAGCCGTGGCTCAGGTCGAAGTGGGGGAAGTAGGTCTTGGTGGTGGGGAAGGACAGGAACATCCTGCGGGG
HBA2130,GGGGCCGAGGGCCCGCAGCCGCCGCCTGCGCTGCACCTCCCGCAACCCGCGGGATGCTCTGCCCTGCGAGGAAGGCGCCATCTCGCCCCTCGACCCAGATCGCTCCCGGCCCGCCGCTCACCTTGAAGTTGACCGGGTCCACCCGAAGCTTGTGCGCGTGCAGGTCGCTCAGCGCGGACAGCGCTTGGGGCATGTCGTCCACGTGCCCCACGGCGAGGGTCAGCGCGTCGGCCACCTTCTTGCCATGGCCCTTAACCTGGACAGAGCCGTGGCTCAGGTCGAAGTGGGGGAAGTAGGTCTTGGTGGTGGGGAAGGACAGGAACATCCTGCGGGG
HBA2131,GGGGCCGAGGGCCCGCAGCCGCCGCCTGCGCTGCACCTCCCGCAACCCGCGGGATGCTCTGCCCTGCGAGGAAAGCGCCATCTCGCCCCTCGACCCCAGATCGCTCCCGGCCCGCCGCTCACCTTGAAGTTGACCGGGTCCACCCGAAGCTTGTGCGCGTGCAGGTCGCTCAGCGCGGACAGCGCTTGGGGCATGTCGTCCACGTGCCCCACGGCGAGGGTCAGCGCGTCGGCCACCTTCTTGCCGTGGCCCTTAACCTGGGCAGAGCCGTGGCTCAGGTCGAAGTGGGGAAAGTAGGTCTTGGTGGTGGGGAAGGACAGGAACATCCTGCGGGG
HBA2132,GGGGCCGAGGGCCCGCAGCCGCCGCCTGCGCTGCACCTCCCGCAACCCGCGGGATGCTCTGCCCTGCGAGGAAGGCGCCATCTCGCCCCTCGACCCAGATCGCTCCCGGCCCGCCGCTCACCTTGAAGTTGACCGGGTCCACCCGAAGCTTGTGCGCGTGCAGGTCGCTCAGCGCGGACAGCGCTTGGGGCATGTCGTCCACGTGCCCCACGGCGAGGGTCAGCGCGTCGGCCACCTTCTTGCCGTGGCCCTTAACCTGGACAGAGCCGTGGCTCAGGTCGAAGTGGGGAAAGTAGGTCTTGGTGGTGGGGAAGGACAGGAACATCCTGCGGGG
HBA2133,GGGGCCGAGGGCCCGCAGCCGCCGCCTGCGCTGCACCTCCCGCAACCCGCGGGATGCTCTGCCCTGCGAGGAAGGTGCCATCTCGCCCCTCGACCCAGATCGCTCCCGGCCCGCCTCTCACCTTGAAGTTGACCGGGTCCACCCGAAGCTTGTGCGCGTGCAGGTCGCTCAGCGCGGACAGCGCGTGGGGCATGTCGTCCACGTGCCCCACGGCGAGGGTCAGCGCGTCGGCCACCTTCTTGCCGTGGCCCTTAACCTGGACAGAGCCGTGGCTCAGGTCGAAGTGGGGGAAGTAGGTCTTGGTGGTGGGGAAGGACAGGAACATCCTGCGGGG
HBA2134,GGGGCCGAGGGCCCGCAGCCGCCGCCTGCGCTGCACCTCCCGCAACCCGCGGGATGCTCTGCCCTGCGAGGAAGGCGCCATCTCGCCCCTCGACCCAGATCGCTCCCGGCTCGCCGCTCACCTTGAAGTTGACCGGGTCCACCCGAAGCTTGTGCGCGTGCAGGTCGCTCAGCGCGGACAGCGCTTGGGGCATGTCGTCCACGTGCCCCACGGCGAGGGTCAGCGCGTCGGCCACCTTCTTGCCATGGCCCTTAACCTGGGCAGAGCCGTGGCTCAGGTCGAAGTGGGGGAAGTAGGTCTTGGTGGTGGGGAAGGACAGGAACATCCTGCGGGG
HBA2135,GGGGCCGAGGGCCCGCAGCCGCCGCCTGCGCTGCACCTCCCGTAACCCGCGGGATGCTCTGCCCTGCGAGGAAGGCGCCATCTCGCCCCTCGACCCAGATCGCTCCCGGCCCGCCGCTCACCTTGAAGTTGACCGGGTCCACCCGAAGCTTGTGCGCGTGCAGGTCGCTCAGCGCGGACAGCGCGTGGGGCATGTCGTCCACGTGCCCCACGGCGAGGGTCAGCGCGTCGGCCACCTTCTTGCCGTGGCCCTTAACCTGGGCAGAGCCGTGGCTCAGGTCGAAGTGGGGGAAGTAGGTCTTGGTGGTGGGGAAGGACAGGAACATCCTGAGGGG
HBA2136,GGGGCCGAGGGCCCGCAGCCGCCGCCTGCGCTGCACCTCCCGTAACCCGCGGGATGCTCTGCCCTGCGAGGAAGGCGCCATCTCGCCCCTCGACCCAGATCGCTCCCGGCCCGCCGCTCACCTTGAAGTTGACCGGGTCCACCCGAAGCTTGTGCGCGTGCAGGTCGCTCAGCGCGGACAGCGCGTGGGGCATGTCGTCCACGTGCCCCACGGCGAGGGTCAGCGCGTCGGCCACCTTCTTGCCGTGGTCCTTAACCTGGGCAGAGCCGTGGCTCAGGTCGAAGTGGGGGAAGTAGGTCTTGGTGGTGGGGAAGGACAGGAACATCCTGCGGGG
HBA2137,GGGGCCGAGGGCCCGCAGCCGCCGCCTGCGCTGCACCTCCCGCAACCCGCGGGATGCTCTGCCCTGCGAGGAAGGCGCCATCTCGCCCCTCGACCCAGATCGCTCCCGGCCCGCCGCTCACCTTGAAGTTGACCGGGTCCACCCGAAGCTTGTGCGCGTGCAGAGAAGAGGGTCAGCGCGTCGGCCACCTTCTTGCCGTGGCCCTTAACCTGGGCAGAGCCGTGGCTCAGGTCGAAGTGGGGGAAGTAGGTCTTGGTGGTGGGGAAGGACAGGAACATCCTGCGGGG
HBA2138,GGGGCCGAGGGCCCGCAGCCGCCGCCTGCGCTGCACCTCCCGCAACCCGCGGGATGCTCTGCCCTGCGAGGAAGGCGCCATCTCGCCCCTCGACCCAGATCGCTCCCGGCCCGCCGCTCACCTTGAAGTTGACCGGGTCCACCCGAAGCTTGTGCGCGTGCAGGTCGCTCAGCGCGGACAGCGCGTCGGCCACCTTCTTGCCGTGGCCCTTAACCTGGGCAGAGCCGTGGCTCAGGTCGAAGTGGGGGAAGTAGGTCTTGGTGGTGGGGAAGGACAGGAACATCCTGCGGGG
HBA2139,GGGGCCGAGGGCCCGCAGCCGCCGCCTGCGCTGCACCTCCCGCAACCCGCGGGATGCTCTGCCCTGCGAGGAAGGCGCCATCTCGCCCCTCGACCCAGATCGCTCCCGGCTCGCCGCTCACCTTGAAGTTGACCGGGTCCACCCGAAGCTTGTGCGCGTGCAGGTCGCTCAGCGCGGACAGCGCGTGGGGCATGTCGTCCACGTGCCCCACGGCGAGGGTCAGCGCGTCGGCCACCTTCTTGCCGTGGCCCTTAACCTGGGCAGAGCCGTGGCTCAGGTCGAAGTGGGGGAAGTAGGTCTTGGTGGTGGGGAAGGACAGGAACATTCTGCGGGG
HBA2140,GGGGCCGAGGGCCCGCAGCCGCCGCCTGCGCTGCACCTCCCGTAACCCGCGGGATGCTCTGCCCTGCGAGGAAGGCGCCATCTCGCCCCTCGACCCAGATCGCTCCCGGCCCGCCGCTCACCTTGAAGTTGACCGGGTCCACCCGAAGCTTGTGCGCGTGCAGGTCGCTCAGCGCGGACAGCGCGTGGGGCATGTCGTCCACGTGCCCCACGGCGAGGGTCAGCGCGTCGGCCACCTTCTTGCCGTGGCCCTTAACCTGGGCAGAGCCGTGGCTCAGGTCGAAGTGGGGGAAGTAGGTCTTGGTGGTGGGGAAGGACAGGAACATTCTGCGGGG